{"name":"ed7739cc-240e-4400-a341-a352e1cb6bd3","id":"/providers/Microsoft.Flow/flows/ed7739cc-240e-4400-a341-a352e1cb6bd3","type":"Microsoft.Flow/flows","properties":{"apiId":"/providers/Microsoft.PowerApps/apis/shared_logicflows","displayName":"sent bulk emails","definition":{"metadata":{"workflowEntityId":null,"processAdvisorMetadata":null,"flowChargedByPaygo":null,"flowclientsuspensionreason":"None","flowclientsuspensiontime":null,"flowclientsuspensionreasondetails":null,"creator":{"id":"22deff31-e003-4ead-b6c4-796a8681c031","type":"User","tenantId":"19ffed1f-3e58-40d9-ad22-23ad0f610d2a"},"provisioningMethod":"FromDefinition","failureAlertSubscription":true,"clientLastModifiedTime":"2025-07-16T08:04:24.1608206Z","connectionKeySavedTimeKey":"2025-07-16T08:04:24.1608206Z","creationSource":"Portal","modifiedSources":"Portal"},"$schema":"https://schema.management.azure.com/providers/Microsoft.Logic/schemas/2016-06-01/workflowdefinition.json#","contentVersion":"undefined","parameters":{"$authentication":{"defaultValue":{},"type":"SecureObject"},"$connections":{"defaultValue":{},"type":"Object"}},"triggers":{"manual":{"type":"Request","kind":"Button","inputs":{"schema":{"type":"object","properties":{},"required":[]}}}},"actions":{"List_rows_present_in_a_table":{"runAfter":{},"metadata":{"016LJW2YFK7YI46XDASVELLOMCY4HB3E2A":"/clientlist.xlsx","tableId":"{CA5AEEB3-8807-4142-B25C-CB816D6E1795}"},"type":"OpenApiConnection","inputs":{"parameters":{"source":"me","drive":"b!OP0Eqi_CBkuUq5rpkqAOGj2-doGp95FHuPzRyvpJtaQT6Maz6yDERa28Jb28XbSH","file":"016LJW2YFK7YI46XDASVELLOMCY4HB3E2A","table":"{CA5AEEB3-8807-4142-B25C-CB816D6E1795}"},"host":{"apiId":"/providers/Microsoft.PowerApps/apis/shared_excelonlinebusiness","connectionName":"shared_excelonlinebusiness","operationId":"GetItems"},"authentication":{"value":"@json(decodeBase64(triggerOutputs().headers['X-MS-APIM-Tokens']))['$ConnectionKey']","type":"Raw"}}},"Apply_to_each":{"foreach":"@outputs('List_rows_present_in_a_table')?['body/value']","actions":{"Send_an_email_(V2)_1":{"type":"OpenApiConnection","inputs":{"parameters":{"emailMessage/To":"@items('Apply_to_each')?['email']","emailMessage/Subject":"Soil Merchants Referal Token","emailMessage/Body":"<p class=\"editor-paragraph\">Hello @{items('Apply_to_each')['Name']},</p><br><p class=\"editor-paragraph\">Soil Merchants is excited to share a referral token program where by you can earn  KES 50,000 TO Kes 100,000 once the client purchases a unit from our property in Ngara in Nairobi along Murang'a Road.</p>","emailMessage/Importance":"Normal"},"host":{"apiId":"/providers/Microsoft.PowerApps/apis/shared_office365","connectionName":"shared_office365","operationId":"SendEmailV2"},"authentication":{"value":"@json(decodeBase64(triggerOutputs().headers['X-MS-APIM-Tokens']))['$ConnectionKey']","type":"Raw"}}}},"runAfter":{"List_rows_present_in_a_table":["Succeeded"]},"type":"Foreach"}}},"connectionReferences":{"shared_excelonlinebusiness":{"connectionName":"shared-excelonlinebu-3c983e77-038a-495f-8a90-7e31e9241093","source":"Invoker","id":"/providers/Microsoft.PowerApps/apis/shared_excelonlinebusiness","tier":"NotSpecified","apiName":"excelonlinebusiness","isProcessSimpleApiReferenceConversionAlreadyDone":false},"shared_office365":{"connectionName":"shared-office365-d9f2d3b5-49bb-4e20-97ec-270c3aa30bae","source":"Invoker","id":"/providers/Microsoft.PowerApps/apis/shared_office365","tier":"NotSpecified","apiName":"office365","isProcessSimpleApiReferenceConversionAlreadyDone":false}},"flowFailureAlertSubscribed":false,"isManaged":false}}